file_name,title,description,keywords,url,dataset_name
beta-intermodal-freight-facilities-liquid-bulk_789f0117-1d1e-4a0e-9697-851ba941a3ab.json,Layer: Intermodal Freight Facilities Liquid Bulk (ID:0),,[],,Maritime Data
processed-delayed-mode-xbt-data-from-kaln-express-_8db0fe52-0ad0-4f31-a897-4eea5d226422.json,Home - Earthdata Forum,,[],,Maritime Data
processed-delayed-mode-xbt-data-from-kaln-express-_da21b389-70e8-4865-8a5c-ac5aa195fbda.json,Home - Earthdata Forum,,[],,Maritime Data
nf-0705-30-march-10-april-2007-virgin-islands_463e318b-f7ab-41ad-89a8-cbff5a3b24e1.json,Home - Earthdata Forum,,[],,Maritime Data
living-shipwrecks-3d-water-column-data-in-southeas_8f305fb5-6965-45aa-a45e-8a07c0464358.json,Home - Earthdata Forum,,[],,Maritime Data
piston-2019-research-vessel-rv-sally-ride-data-cf4_fc743067-9f0c-48e1-8b35-5cd7e8c99098.json,ASDC | PISTON-ONR-NOAA_RVSallyRide_2019_1,,[],,AIS Vessel Tracking
water-temperature-and-pressure-profiles-collected-_828a7b34-6f7c-499e-a1b3-06e21bf8af1f.json,Home - Earthdata Forum,,[],,Maritime Data
processed-delayed-mode-xbt-data-from-kaln-express-_5d88768e-7c84-48c0-9a0c-aff15bc5d8f7.json,Home - Earthdata Forum,,[],,Maritime Data
international-comprehensive-ocean-atmosphere-data-_a4f13daa-eca9-49ed-a533-a875de62d575.json,Index of /data/marine/msg/,,[],,Maritime Data
a-comprehensive-global-oceanic-dataset-of-discrete_f5071701-7e06-4ce9-927e-29e735af07c0.json,Home - Earthdata Forum,,[],,Maritime Data
partial-pressure-of-carbon-dioxide-salinity-temper_70f9d3bf-890a-4d27-a39c-c0e95d62fed1.json,Ocean Carbon and Acidification Data System (OCADS) | National Centers for Environmental Information (NCEI),The Ocean Carbon and Acidification Data System (OCADS) is a data management system specializing in the management of ocean carbon and ocean acidification (OA) data within NCEI. See the OCADS Paper in Nature for more information.,[],,Maritime Data
multibeam-bathymetry-database-mbbdb2_b8b9f013-d1f2-4351-9a74-e9abb0a7f570.json,Contact | National Centers for Environmental Information (NCEI),"Climate and Past Weather *For up-to-date forecasts and current weather, please visit the National Weather Service website.",[],,Maritime Data
international-comprehensive-ocean-atmosphere-data-_7fa778df-d972-41d8-aa19-98d52f36d522.json,Dataset Overview | National Centers for Environmental Information (NCEI),,[],,Maritime Data
piston-2019-research-vessel-rv-sally-ride-data-cf4_34776f73-816e-4941-84cc-ef8b9f08daf0.json,Earthdata Login,Earthdata Login,[],,AIS Vessel Tracking
piston-2018-research-vessel-rv-thompson-ship-datas_3d3fa1e3-075d-4bf6-85ca-9798e6e1b14a.json,ASDC | PISTON-ONR-NOAA_RVThompson_2018_1,,[],,AIS Vessel Tracking
temperature-profile-data-from-xbt-casts-in-the-sou_490b1608-4203-48cd-8714-a542a1e60866.json,prd OAS accession Detail for 0000694,,[],,Maritime Data
water-temperature-and-pressure-profiles-collected-_f89addcf-e8c4-4fee-970b-1ead7b01fbb4.json,Home - Earthdata Forum,,[],,Maritime Data
ncep-gts-marine-observations-in-imma-format2_3ae732f0-6c7d-4e91-ad5c-062c319ad87a.json,Dataset Overview | National Centers for Environmental Information (NCEI),,[],,Maritime Data
piston-2018-research-vessel-rv-mirai-ship-data-038_91177b28-6c2d-45e0-a846-0b7affda2f69.json,Earthdata Search,"Search, discover, visualize, refine, and access NASA Earth Observation data in your browser with Earthdata Search",[],,AIS Vessel Tracking
living-shipwrecks-3d-water-column-data-in-southeas_f4f15933-12be-4fae-94aa-742ccc4923a2.json,Home - Earthdata Forum,,[],,Maritime Data
partial-pressure-of-carbon-dioxide-salinity-temper_6ec5ded9-46c9-4b2d-b6a7-e9eee5fbf5e5.json,prd OAS accession Detail for 0173839,,[],,Maritime Data
noaa-nccos-assessment-prioritizing-areas-for-futur_8762fc13-8369-4bb6-a640-213ee38607a4.json,"NOAA NCCOS Assessment: Prioritizing Areas for Future Seafloor Mapping, Research, and Ex... | InPort","Spatial information on the arrangement of geological features, habitats and living marine resources on the seabed are often the foundation for decision-makin...",[],,Maritime Data
cloud-amount-frequency-salinity-and-other-data-fro_dd782886-460f-45db-9f40-7e5dfe023121.json,prd OAS accession Detail for 9200284,,[],,Maritime Data
living-shipwrecks-3d-water-column-data-in-southeas_68f53457-4961-4649-874a-c41f9bf70e2a.json,Home - Earthdata Forum,,[],,Maritime Data
maine-and-new-hampshire-2016-nav_marine_poly-navig_7fffd04f-2439-41a5-b690-226e8d5005d8.json,Home - Earthdata Forum,,[],,Maritime Data
partial-pressure-of-carbon-dioxide-salinity-temper_1932868a-f772-4b7c-8335-fdff7367492e.json,Home - Earthdata Forum,,[],,Maritime Data
nf-0705-30-march-10-april-2007-virgin-islands_cbf0b3b5-cf6e-4b10-abed-cbbd17449925.json,Index of /data/oceans/archive/arc0210/0273560/1.1/data/0-data/NF0705_State_Dept_CD,,[],,Maritime Data
physical-chemical-and-other-data-from-bottle-xbt-a_8a5d6fb7-f0c4-4390-979c-7e7ffefcf9d1.json,"Physical, chemical, and other data from bottle, XBT, and CTD casts from SHOYO and other platforms from North Pacific Ocean and other locations from 1983-11-01 to 1987-12-31 (NCEI Accession 8800147)","Physical, chemical, and other data from bottle, XBT, and CTD casts from SHOYO and other platforms from North Pacific Ocean and other locations from 1983-11-01 to 1987-12-31 (NCEI Accession 8800147) (format: HTML)",[],,Maritime Data
partial-pressure-of-carbon-dioxide-salinity-temper_d75f276e-d6ac-4427-a2e2-a82a01a38a0c.json,prd OAS accession Detail for 0173782,,[],,Maritime Data
cloud-amount-frequency-salinity-and-other-data-fro_ba4fe801-4733-4d3a-971a-d01729723573.json,Home - Earthdata Forum,,[],,Maritime Data
processed-delayed-mode-xbt-data-from-kaln-express-_385c962a-b1e4-409a-93a5-56ef1bbf7e3c.json,Contact | National Centers for Environmental Information (NCEI),"Climate and Past Weather *For up-to-date forecasts and current weather, please visit the National Weather Service website.",[],,Maritime Data
cloud-amount-frequency-salinity-and-other-data-fro_f8524631-34f9-4a3d-ba94-4ae7df98a2c2.json,Home - Earthdata Forum,,[],,Maritime Data
a-comprehensive-global-oceanic-dataset-of-discrete_852f25c6-9fb7-45b5-ae52-3e65655fc9f6.json,Home - Earthdata Forum,,[],,Maritime Data
living-shipwrecks-3d-water-column-data-in-southeas_d36aa639-5870-429a-8331-0f855b29751e.json,Home - Earthdata Forum,,[],,Maritime Data
cloud-amount-frequency-salinity-and-other-data-fro_c38e6d02-3bd9-4345-bd20-326621c36194.json,"Cloud amount/frequency, SALINITY and other data from ATAIR, VALDIVIA and other platforms from 1973-08-13 to 1990-12-11 (NCEI Accession 9200284)","Cloud amount/frequency, SALINITY and other data from ATAIR, VALDIVIA and other platforms from 1973-08-13 to 1990-12-11 (NCEI Accession 9200284) (format: HTML)",[],,Maritime Data
temperature-profile-data-from-xbt-casts-in-the-sou_ec31d641-ac3a-4d7b-b6dd-fcbcd66935c1.json,Contact | National Centers for Environmental Information (NCEI),"Climate and Past Weather *For up-to-date forecasts and current weather, please visit the National Weather Service website.",[],,Maritime Data
maine-and-new-hampshire-2016-nav_marine_poly-navig_d1da9010-b843-4658-84cc-13cf67f0f935.json,ESI Guidelines | response.restoration.noaa.gov,,[],,Maritime Data
ais-data2_08cd0123-72b8-46fc-9c92-4cf6ce095243.json,AIS data | InPort,Automatic identification system (AIS) data are used to identify and track vessels for various purposes (primarily navigational safety). These data can be use...,[],,AIS Vessel Tracking
international-comprehensive-ocean-atmosphere-data-_9f26922f-6e73-447d-851c-c8b561c90b44.json,Contact | National Centers for Environmental Information (NCEI),"Climate and Past Weather *For up-to-date forecasts and current weather, please visit the National Weather Service website.",[],,Maritime Data
water-temperature-and-pressure-profiles-collected-_38bed722-2855-47be-afd9-7bde6c4e8ab1.json,Contact | National Centers for Environmental Information (NCEI),"Climate and Past Weather *For up-to-date forecasts and current weather, please visit the National Weather Service website.",[],,Maritime Data
nf-0705-30-march-10-april-2007-virgin-islands_70a80c0b-ced2-4d1c-affc-8ac827990707.json,Southeast Fisheries Science Center | NOAA Fisheries,Providing the scientific advice and data needed to effectively manage the living resources of the Southeast Region and Atlantic high seas.,[],,Maritime Data
international-comprehensive-ocean-atmosphere-data-_02e04e9f-e8c1-4183-a8de-b1cb94bc58d9.json,Index of /data/international-comprehensive-ocean-atmosphere/v3/archive/final-untrim/,,[],,Maritime Data
partial-pressure-of-carbon-dioxide-salinity-temper_ddf9b35b-f21c-434d-976e-7b6df6c455ee.json,Contact | National Centers for Environmental Information (NCEI),"Climate and Past Weather *For up-to-date forecasts and current weather, please visit the National Weather Service website.",[],,Maritime Data
piston-2018-research-vessel-rv-thompson-ship-datas_0b815328-1904-4aa0-8a1c-2378addf5b40.json,Earthdata Login,Earthdata Login,[],,AIS Vessel Tracking
partial-pressure-of-carbon-dioxide-salinity-temper_7a0589c9-7086-47c4-b11e-03cb5ec84761.json,Home - Earthdata Forum,,[],,Maritime Data
oceanographic-profile-temperature-salinity-and-oth_33b6bde4-a958-42dc-a734-3abbeab6ac6d.json,prd OAS: Download accessions,,[],,Maritime Data
physical-chemical-and-other-data-from-bottle-xbt-a_1094b169-1cff-451d-96c1-7d9d2fe4f368.json,Home - Earthdata Forum,,[],,Maritime Data
water-temperature-and-pressure-profiles-collected-_2b66f112-8d4f-441f-a308-f243fba5ebe7.json,Home - Earthdata Forum,,[],,Maritime Data
physical-chemical-and-other-data-from-bottle-xbt-a_5ea3680a-f8cc-486e-917c-82f2cc2dedc0.json,"NODC Standard Product: Documentation for NODC Standard File Formats and Related Codes, 1960 - 1996 (NCEI Accession 0189890)","NODC Standard Product: Documentation for NODC Standard File Formats and Related Codes, 1960 - 1996 (NCEI Accession 0189890) (format: HTML)",[],,Maritime Data
oceanographic-profile-temperature-salinity-and-oth_d397fd15-fd17-4b9b-a809-cb872edaa114.json,Home - Earthdata Forum,,[],,Maritime Data
multibeam-bathymetry-database-mbbdb2_611c79d8-2844-48b4-8d63-453a1df58766.json,Home - Earthdata Forum,,[],,Maritime Data
processed-delayed-mode-xbt-data-from-kaln-express-_07d883a4-8978-4fbc-abe0-5114eaabb8f3.json,"Processed delayed-mode XBT data from Köln Express, Cap Finisterre, Gauss, and Walter Herwig III from 1998-01-01 to 1998-12-12 (NCEI Accession 9900233)","Processed delayed-mode XBT data from Köln Express, Cap Finisterre, Gauss, and Walter Herwig III from 1998-01-01 to 1998-12-12 (NCEI Accession 9900233) (format: HTML)",[],,Maritime Data
multibeam-bathymetry-database-mbbdb2_c2484921-3c64-4d2e-8b3b-091397451d61.json,Home - Earthdata Forum,,[],,Maritime Data
physical-chemical-and-other-data-from-bottle-xbt-a_563ad5f2-5f78-4714-8d18-f48787a9bd71.json,Home - Earthdata Forum,,[],,Maritime Data
noaa-electronic-navigational-charts-enc1_31fdd7af-3056-4692-9c5a-85cca7524d98.json,MaritimeChartService: MapServer,,[],,Maritime Data
oceanographic-profile-temperature-salinity-and-oth_55a8dde3-e876-4445-b2c0-3536dad42cb0.json,Contact | National Centers for Environmental Information (NCEI),"Climate and Past Weather *For up-to-date forecasts and current weather, please visit the National Weather Service website.",[],,Maritime Data
cloud-amount-frequency-salinity-and-other-data-fro_e625d51d-a8ec-4bd1-aa8e-42626f31e1cb.json,Home - Earthdata Forum,,[],,Maritime Data
multibeam-bathymetry-database-mbbdb2_dc06585a-9aff-4fa1-87bf-562e96cbcea1.json,Home - Earthdata Forum,,[],,Maritime Data
partial-pressure-of-carbon-dioxide-salinity-temper_9d4012f1-23cb-43e4-add5-a790ea9aff7f.json,Home - Earthdata Forum,,[],,Maritime Data
exploring-the-sunken-heritage-of-the-battle-of-mid_0c63bf99-f5eb-47eb-863e-7aaea1056f68.json,Contact | National Centers for Environmental Information (NCEI),"Climate and Past Weather *For up-to-date forecasts and current weather, please visit the National Weather Service website.",[],,Maritime Data
piston-2018-research-vessel-rv-thompson-ship-datas_3c1dd621-46e3-4894-a8c1-9af39bec7c3d.json,Sub-Orbital Order Tool (SOOT) Browse Interface,Sub-Orbital Order Tool (SOOT) provides a modern user interface that streamlines data discovery and accessibility of airborne field campaigns archived at the ASDC.,[],,AIS Vessel Tracking
conductivity-temperature-and-depth-ctd-data-from-k_03925e92-9849-4e59-bcac-9e13311bbc7a.json,Home - Earthdata Forum,,[],,Maritime Data
international-comprehensive-ocean-atmosphere-data-_13b41e48-98dc-42e3-9ed7-51c86dae36e5.json,"International Comprehensive Ocean-Atmosphere Data Set (ICOADS) Release 3.0 Final, Individual Reports in the International Maritime Meteorological Archive Format version 1 (IMMA1)","International Comprehensive Ocean-Atmosphere Data Set (ICOADS) Release 3.0 Final, Individual Reports in the International Maritime Meteorological Archive Format version 1 (IMMA1) (format: HTML)",[],,Maritime Data
piston-2018-2019-autonomous-platform-ocean-dataset_db1af2fe-21e5-49cf-9ceb-27a8ffea6beb.json,Sub-Orbital Order Tool (SOOT) Browse Interface,Sub-Orbital Order Tool (SOOT) provides a modern user interface that streamlines data discovery and accessibility of airborne field campaigns archived at the ASDC.,[],,Maritime Data
physical-chemical-and-other-data-from-bottle-xbt-a_d49329aa-f824-446c-bc0a-501eb096cd64.json,Contact | National Centers for Environmental Information (NCEI),"Climate and Past Weather *For up-to-date forecasts and current weather, please visit the National Weather Service website.",[],,Maritime Data
a-comprehensive-global-oceanic-dataset-of-discrete_6eb5dd9d-74b1-4804-9be9-5cc40021c26a.json,Home - Earthdata Forum,,[],,Maritime Data
piston-2019-research-vessel-rv-sally-ride-data-cf4_d684c7df-7f38-43bf-81ce-b90d511eb3f2.json,ASDC | Citing ASDC Data,,[],,AIS Vessel Tracking
compilation-of-geospatial-data-gis-for-the-mineral_f3fc6984-54dd-43bc-a407-1e1f37dd8160.json,Compilation of Geospatial Data (GIS) for the Mineral Industries and Related Infrastructure of Select Countries in Southwest Asia - ScienceBase-Catalog,"The U.S. Geological Survey (USGS) has compiled a geodatabase containing mineral-related geospatial data for 10 countries of interest in Southwest Asia (area of study): Afghanistan, Cambodia, Laos, India, Indonesia, Iran, Nepal, North Korea, Pakistan, and Thailand. The data can be used in analyses of the extractive fuel and nonfuel mineral industries and related economic and physical infrastructure integral for the successful operation of the mineral industries within the area of study as well as the movement of mineral products across domestic and global markets. This geodatabase reflects the USGS ongoing commitment to its mission of understanding the nature and distribution of global mineral commodity supply chains by updating and publishing the georeferenced locations of mineral commodity production and processing facilities, mineral exploration and development sites, and mineral commodity exporting ports for the countries in the area of study. The geodatabase contains data feature classes from USGS, foreign governmental, and open-source sources as follows: (1) mineral production and processing facilities, (2) mineral exploration and development sites, (3) mineral occurrence sites and deposits, (4) undiscovered mineral resource tracts for copper, phosphate, and potash, (5) coal occurrence areas, (6) electric power generating facilities, (7) electric power transmission lines, (8) liquefied natural gas terminals, (9) undiscovered, technically recoverable conventional and continuous hydrocarbon resources (by USGS geologic province), (10) cumulative production and recoverable conventional resources (by oil- and gas-producing nation), and (11) major mineral exporting maritime ports.",[],,Maritime Data
living-shipwrecks-3d-water-column-data-in-southeas_9da0a163-01c1-47ad-98af-54d46b5c8a8a.json,Home - Earthdata Forum,,[],,Maritime Data
beta-intermodal-freight-facilities-liquid-bulk_147753e2-acce-4f39-8376-bad6bf33d55b.json,BETA - Intermodal Freight Facilities Liquid Bulk,"The Intermodal Freight Facilities - Liquid Bulk dataset is currently in its BETA release and has yet to be finalized. The preliminary data can be used to understand the intermodal connections for freight transfer and may be used for analysis, spatial mapping, and transportation modeling. Locations of facilities are represented by polygon features and attributes pertinent to the Liquid Bulk Intermodal industry.",[],,Maritime Data
shipping-fairways-lanes-and-zones-for-us-waters1_7dc02f37-fbbe-49ba-83a9-0aa40e0253ac.json,Home - Earthdata Forum,,[],,Maritime Shipping
piston-2018-research-vessel-rv-mirai-ship-data-038_3c532a98-edbf-49fe-beec-1ce7bed09f98.json,Earthdata Login,Earthdata Login,[],,AIS Vessel Tracking
ais-vessel-tracks-2024_74e54200-f86c-43ef-b197-a3715f3c2f5a.json,AIS Vessel Tracks 2024 | InPort,A vessel track shows the location and characteristics of commercial and recreational boats as a sequence of positions transmitted by an Automatic Identificat...,[],,AIS Vessel Tracking
international-comprehensive-ocean-atmosphere-data-_7d771943-2133-4c74-b70d-7a1765e02dfe.json,International Comprehensive Ocean-Atmosphere Data Set (ICOADS) | National Centers for Environmental Information (NCEI),,[],,Maritime Data
us-voluntary-observing-ship-vos-international-mari_2741c592-63d6-4464-98f2-a5482e71e88a.json,Dataset Overview | National Centers for Environmental Information (NCEI),,[],,Maritime Data
piston-2019-research-vessel-rv-sally-ride-data-cf4_872c742b-f8c8-4e83-bda2-8b4b888d694c.json,Sub-Orbital Order Tool (SOOT) Browse Interface,Sub-Orbital Order Tool (SOOT) provides a modern user interface that streamlines data discovery and accessibility of airborne field campaigns archived at the ASDC.,[],,AIS Vessel Tracking
conductivity-temperature-and-depth-ctd-data-from-k_f6c1a8b7-d424-4229-8244-1c7da938cadb.json,Home - Earthdata Forum,,[],,Maritime Data
marine-highways1_4ddf84a3-6811-4f6b-99f6-41cc5fd89842.json,Layer: Marine Highways (ID:0),,[],,Maritime Data
a-comprehensive-global-oceanic-dataset-of-discrete_1cafe5af-68cc-4928-8de5-bdbbff0ea51e.json,prd OAS: Download accessions,,[],,Maritime Data
multibeam-bathymetry-database-mbbdb2_9938c13d-c79e-4c80-84ac-b3de382d6ece.json,Home - Earthdata Forum,,[],,Maritime Data
piston-2018-research-vessel-rv-thompson-ship-datas_c316b6e0-f612-4482-9161-6fd0083aff56.json,Earthdata Search,"Search, discover, visualize, refine, and access NASA Earth Observation data in your browser with Earthdata Search",[],,AIS Vessel Tracking
a-comprehensive-global-oceanic-dataset-of-discrete_c7b7e956-6768-49b8-a153-a1f0fe0621ab.json,Contact | National Centers for Environmental Information (NCEI),"Climate and Past Weather *For up-to-date forecasts and current weather, please visit the National Weather Service website.",[],,Maritime Data
partial-pressure-of-carbon-dioxide-salinity-temper_0c7a30de-8054-48f0-89ff-bb4bc4c347e1.json,Ocean Carbon and Acidification Data System (OCADS) | National Centers for Environmental Information (NCEI),The Ocean Carbon and Acidification Data System (OCADS) is a data management system specializing in the management of ocean carbon and ocean acidification (OA) data within NCEI. See the OCADS Paper in Nature for more information.,[],,Maritime Data
noaa-electronic-navigational-charts-enc1_5503dd9b-7846-44f2-91a4-41c48b7d7f48.json,Home - Earthdata Forum,,[],,Maritime Data
partial-pressure-of-carbon-dioxide-salinity-temper_08063f8d-fe87-40b9-b809-f32ab608fbea.json,Home - Earthdata Forum,,[],,Maritime Data
temperature-profile-data-from-xbt-casts-in-the-sou_7d8f93ab-32d7-4b6d-833e-8b5343cceb46.json,Home - Earthdata Forum,,[],,Maritime Data
ais-vessel-tracks-2024_a6ab3780-ffe4-451c-a0fd-539398faf37c.json,Marine Cadastre Hub,Esri Hub site for Marine Cadastre. Marine Cadastre is the premier source for authoritative and trusted ocean geospatial data.,[],,AIS Vessel Tracking
us-voluntary-observing-ship-vos-international-mari_63f6808b-af5f-496b-bf8d-4b30b5dce28a.json,Dataset Overview | National Centers for Environmental Information (NCEI),,[],,Maritime Data
temperature-profile-data-from-xbt-casts-in-the-sou_8d2de16f-65b3-43f4-9e46-60f7f4daff5e.json,prd OAS: Download accessions,,[],,Maritime Data
ncdc-feed-of-global-telecommunication-system-gts-m_0221be9c-efb7-4f51-a4c1-0db869056227.json,Dataset Overview | National Centers for Environmental Information (NCEI),,[],,Maritime Data
partial-pressure-of-carbon-dioxide-salinity-temper_1bf76c4a-aa2b-4048-bee7-346678bf3a00.json,Home - Earthdata Forum,,[],,Maritime Data
partial-pressure-of-carbon-dioxide-salinity-temper_bd15cb85-678d-4cf7-896d-96f4543e6f25.json,Home - Earthdata Forum,,[],,Maritime Data
temperature-profile-data-from-xbt-casts-in-the-sou_b79e9e49-9b09-4886-b8cb-9d17c6bd358c.json,Home - Earthdata Forum,,[],,Maritime Data
conductivity-temperature-and-depth-ctd-data-from-k_85d36b2a-c0d2-4442-96ec-533071f8c9e2.json,prd OAS: Download accessions,,[],,Maritime Data
us-voluntary-observing-ship-vos-international-mari_ea6fb09b-9da5-4c2f-8127-b4b8a3a508f7.json,Dataset Overview | National Centers for Environmental Information (NCEI),,[],,Maritime Data
nf-0705-30-march-10-april-2007-virgin-islands_86bf0352-7b11-4ba0-81c8-cc67814dc390.json,"NF-0705 30 March - 10 April 2007, Virgin Islands | InPort","Biologic, Data collected from plankton collecting gear and LADCP. CNV and TSG data collected aboard the NOAA Ship NANCY FOSTER during cruise #NF-0705, March...",[],,Maritime Data
conductivity-temperature-and-depth-ctd-data-from-k_65f1975d-db59-4918-8dfd-d31a35b5e838.json,Home - Earthdata Forum,,[],,Maritime Data
noaa-nccos-assessment-prioritizing-areas-for-futur_942bb1d2-7606-4d8e-8c46-115dc19edba5.json,Home - Earthdata Forum,,[],,Maritime Data
partial-pressure-of-carbon-dioxide-salinity-temper_5595396b-a221-484c-ad57-25812d91d41a.json,"Partial pressure of carbon dioxide, salinity, temperature and other variables collected from surface underway observations using carbon dioxide (CO2) gas analyzer, shower head chamber equilibrator for autonomous CO2 measurement and other instruments from R/V Ryofu Maru III in the Pacific Ocean and East China Sea from 2016-01-07 to 2016-12-21 (NCEI Accession 0173839)","Partial pressure of carbon dioxide, salinity, temperature and other variables collected from surface underway observations using carbon dioxide (CO2) gas analyzer, shower head chamber equilibrator for autonomous CO2 measurement and other instruments from R/V Ryofu Maru III in the Pacific Ocean and East China Sea from 2016-01-07 to 2016-12-21 (NCEI Accession 0173839) (format: HTML)",[],,Maritime Data
