Query,Primary Stakeholder,Secondary Stakeholders,Business Goal,Key Metrics
Q1,Due Diligence Analysts,"M&A Deal Team, Financial Analysts",Property acquisition viability,"Multi-factor risk score, Financial impact"
Q2,Portfolio Managers,"M&A Deal Team, Executive Leadership",Deal risk evaluation,"Portfolio risk score, Geographic concentration"
Q3,Due Diligence Analysts,"M&A Deal Team, Financial Analysts",Historical risk assessment,"Flood frequency, Recurrence intervals"
Q4,Coastal Property Specialists,"M&A Deal Team, Financial Analysts",Long-term coastal viability,"Sea level rise projections, Scenario comparison"
Q5,Riverine Risk Analysts,Due Diligence Analysts,Riverine flood risk,"Streamflow frequency, Historical patterns"
Q6,Model Validation Team,All Stakeholders,Prediction reliability,"Model accuracy, Performance metrics"
Q7,Insurance & Compliance,Due Diligence Analysts,Regulatory compliance,"FEMA zone classification, Insurance costs"
Q8,Portfolio Managers,M&A Deal Team,Risk trend analysis,"Temporal trends, Risk direction"
Q9,Portfolio Managers,M&A Deal Team,Geographic clustering,"Risk clusters, Concentration metrics"
Q10,Due Diligence Analysts,M&A Deal Team,Vulnerability prioritization,"Vulnerability scores, Risk ranking"
Q11,Financial Analysts,M&A Deal Team,Price negotiation,"Financial impact, Deal terms"
Q12,Insurance & Compliance,Due Diligence Analysts,Insurance cost determination,"FEMA zone levels, Regulatory requirements"
Q13,Coastal Property Specialists,Financial Analysts,Scenario comparison,Best/worst case outcomes
Q14,Riverine Risk Analysts,Due Diligence Analysts,Future frequency prediction,"Historical patterns, Frequency trends"
Q15,Model Validation Team,All Stakeholders,NASA model accuracy,"Prediction reliability, Model performance"
Q16,Executive Leadership,Portfolio Managers,Stakeholder presentation,"Portfolio summaries, Risk metrics"
Q17,Model Validation Team,All Stakeholders,Data quality assurance,"Quality metrics, Confidence levels"
Q18,Due Diligence Analysts,Portfolio Managers,Performance optimization,"Query performance, Large portfolio handling"
Q19,M&A Deal Team,All Stakeholders,Unified risk rating,"Combined scores, Simplified metrics"
Q20,Financial Analysts,M&A Deal Team,Time horizon assessment,"Multi-horizon projections, Property value"
Q21,Due Diligence Analysts,Post-Acquisition Team,Mitigation needs,"Elevation protection, Mitigation requirements"
Q22,Due Diligence Analysts,Financial Analysts,Future loss estimation,"Historical damage, Loss projections"
Q23,Model Validation Team,All Stakeholders,Model selection,"Accuracy comparison, Best model"
Q24,Portfolio Managers,Executive Leadership,Diversification analysis,"Geographic distribution, Concentration"
Q25,Portfolio Managers,M&A Deal Team,Asset class risk,"Property type risk, Vulnerability by type"
Q26,Due Diligence Analysts,Portfolio Managers,Compound risk scenarios,"Cascading effects, Compound risk"
Q27,M&A Deal Team,Due Diligence Analysts,Deal-breaker identification,"Risk thresholds, Property filtering"
Q28,Post-Acquisition Team,Financial Analysts,Mitigation cost-benefit,"ROI analysis, Cost-effectiveness"
Q29,Portfolio Managers,Executive Leadership,Diversification assessment,"Risk concentration, Geographic spread"
Q30,Executive Leadership,M&A Deal Team,Final decision support,"Comprehensive report, Go/no-go decision"
